SubjectId,Label
0,0
1,1
2,0
3,0
4,0
5,0
6,0
7,0
8,0
9,1
10,0
11,3
12,2
13,2
14,0
15,3
16,2
17,2
18,0
19,2
20,0
21,0
22,2
23,1
24,0
25,1
26,2
27,0
28,0
29,3
30,3
31,2
32,0
33,0
34,1
35,2
36,2
37,0
38,1
39,3
40,1
41,3
42,2
43,3
44,3
45,1
46,0
47,3
48,3
49,2
50,2
51,3
52,0
53,0
54,3
55,3
56,0
57,0
58,1
59,0
60,0
61,3
62,2
63,1
64,0
65,1
66,0
67,0
68,3
69,3
70,0
71,0
72,1
73,2
74,3
75,3
76,0
77,1
78,0
79,3
80,0
81,2
82,0
83,0
84,2
85,0
86,0
87,0
88,0
89,0
90,2
91,2
92,0
93,2
94,0
95,0
96,1
97,1
98,3
99,2
100,3
101,1
102,3
103,1
104,2
105,0
106,0
107,0
108,1
109,2
110,0
111,3
112,0
113,3
114,0
115,0
116,2
117,2
118,2
119,1
120,1
121,0
122,2
123,3
124,3
125,1
126,1
127,1
128,0
129,1
130,1
131,2
132,0
133,3
134,3
135,1
136,2
137,1
138,3
139,3
140,0
141,3
142,0
143,3
144,3
145,1
146,1
147,0
148,1
149,3
150,2
151,3
152,0
153,3
154,0
155,2
156,3
157,2
158,3
159,0
160,0
161,0
162,0
163,3
164,3
165,0
166,3
167,0
168,2
169,3
170,2
171,3
172,3
173,1
174,3
175,1
176,1
177,1
178,2
179,2
180,2
181,0
182,3
183,2
184,0
185,0
186,0
187,3
188,3
189,0
190,3
191,0
192,2
193,1
194,0
195,1
196,1
197,0
198,0
199,1
200,0
201,3
202,0
203,0
204,0
205,2
206,0
207,3
208,0
209,0
210,2
211,2
212,0
213,1
214,0
215,3
216,0
217,3
218,0
219,0
220,2
221,3
222,1
223,3
224,0
225,1
226,1
227,1
228,0
229,1
230,1
231,2
232,0
233,3
234,1
235,0
236,3
237,3
238,0
239,0
240,3
241,2
242,1
243,3
244,0
245,0
246,0
247,3
248,0
249,0
250,0
251,1
252,2
253,0
254,2
255,0
256,1
257,0
258,2
259,3
260,0
261,0
262,1
263,2
264,3
265,2
266,3
267,0
268,2
269,0
270,0
271,0
272,3
273,1
274,0
275,1
276,3
277,0
278,2
279,1
280,3
281,3
282,1
283,1
284,3
285,3
286,0
287,2
288,2
289,3
290,0
291,0
292,3
293,3
294,3
295,2
296,2
297,2
298,3
299,1
300,0
301,3
302,3
303,0
304,0
305,3
306,3
307,3
308,1
309,2
310,3
311,0
312,2
313,3
314,1
315,2
316,0
317,3
318,3
319,1
320,0
321,2
322,2
323,3
324,0
325,0
326,1
327,1
328,2
329,3
330,2
331,2
332,3
333,3
334,0
335,2
336,3
337,0
338,0
339,2
340,0
341,3
342,2
343,3
344,0
345,2
346,3
347,0
348,3
349,1
350,0
351,0
352,0
353,3
354,1
355,0
356,0
357,0
358,2
359,0
360,2
361,3
362,0
363,2
364,0
365,0
366,2
367,2
368,1
369,0
370,0
371,3
372,1
373,1
374,2
375,3
376,3
377,0
378,0
379,0
380,1
381,0
382,0
383,0
384,1
385,3
386,1
387,0
388,3
389,3
390,0
391,3
392,2
393,2
394,2
395,1
396,0
397,0
398,3
399,0
400,2
401,2
402,3
403,0
404,1
405,0
406,0
407,2
408,0
409,3
410,0
411,0
412,0
413,0
414,3
415,1
416,0
417,3
418,0
419,0
420,3
421,2
422,0
423,0
424,3
425,3
426,2
427,3
428,3
429,0
430,0
431,2
432,0
433,2
434,2
435,3
436,1
437,3
438,0
439,2
440,0
441,2
442,1
443,0
444,2
445,2
446,0
447,3
448,3
449,0
450,2
451,0
452,3
453,0
454,2
455,0
456,2
457,3
458,3
459,3
460,3
461,0
462,3
463,3
464,2
465,1
466,0
467,2
468,3
469,0
470,3
471,0
472,0
473,1
474,0
475,0
476,1
477,0
478,3
479,1
480,0
481,3
482,2
483,2
484,2
485,2
486,3
487,0
488,2
489,3
490,0
491,0
492,0
493,0
494,1
495,3
496,0
497,3
498,1
499,0
500,0
501,3
502,1
503,1
504,2
505,3
506,2
507,0
508,1
509,2
510,0
511,1
512,0
513,3
514,1
515,1
516,0
517,2
518,2
519,3
520,0
521,1
522,2
523,3
524,3
525,0
526,2
527,0
528,0
529,3
530,0
531,3
532,0
533,3
534,0
535,0
536,0
537,0
538,2
539,3
540,0
541,1
542,3
543,3
544,0
545,3
546,0
547,1
548,1
549,3
550,3
551,0
552,2
553,0
554,3
555,0
556,0
557,2
558,2
559,0
560,2
561,3
562,1
563,0
564,0
565,2
566,3
567,3
568,3
569,1
570,1
571,3
572,0
573,0
574,3
575,0
576,3
577,0
578,2
579,0
580,0
581,3
582,0
583,1
584,2
585,2
586,0
587,2
588,1
589,3
590,0
591,2
592,2
593,0
594,2
595,0
596,3
597,0
598,0
599,0
600,0
601,0
602,0
603,3
604,0
605,0
606,3
607,0
608,3
609,3
610,0
611,0
612,2
613,0
614,3
615,1
616,0
617,1
618,2
619,1
620,0
621,1
622,0
623,3
624,0
625,1
626,1
627,0
628,0
629,0
630,1
631,2
632,2
633,0
634,3
635,0
636,0
637,0
638,1
639,2
640,2
641,2
642,0
643,0
644,0
645,1
646,3
647,0
648,3
649,2
650,0
651,0
652,0
653,2
654,3
655,0
656,3
657,1
658,3
659,1
660,0
661,3
662,3
663,1
664,3
665,0
666,0
667,2
668,3
669,2
670,0
671,2
672,0
673,0
674,3
675,3
676,2
677,0
678,3
679,2
680,3
681,0
682,0
683,0
684,0
685,0
686,2
687,3
688,0
689,0
690,1
691,0
692,0
693,0
694,0
695,1
696,0
697,3
698,0
699,3
700,0
701,0
702,0
703,2
704,0
705,2
706,0
707,3
708,1
709,0
710,0
711,0
712,3
713,2
714,0
715,1
716,0
717,3
718,3
719,0
720,3
721,3
722,3
723,3
724,2
725,1
726,0
727,1
728,0
729,0
730,1
731,1
732,0
733,1
734,0
735,1
736,3
737,2
738,3
739,0
740,3
741,0
742,0
743,0
744,0
745,0
746,0
747,0
748,0
749,0
750,2
751,3
752,1
753,1
754,0
755,0
756,1
757,0
758,0
759,0
760,0
761,1
762,3
763,3
764,0
765,2
766,2
767,2
768,0
769,2
770,0
771,0
772,1
773,2
774,3
775,3
776,0
777,0
778,2
779,3
780,3
781,0
782,2
783,2
784,1
785,0
786,3
787,2
788,0
789,3
790,1
791,3
792,2
793,2
794,0
795,0
796,1
797,3
798,0
799,0
800,1
801,0
802,1
803,1
804,0
805,3
806,1
807,1
808,3
809,0
810,1
811,1
812,0
813,2
814,0
815,3
816,3
817,0
818,1
819,2
820,0
821,1
822,1
823,2
824,1
825,0
826,0
827,1
828,3
829,0
830,0
831,2
832,0
833,0
834,3
835,0
836,0
837,3
838,3
839,0
840,0
841,0
842,2
843,0
844,0
845,3
846,3
847,3
848,3
849,3
850,0
851,3
852,0
853,1
854,1
855,3
856,0
857,0
858,1
859,0
860,1
861,0
862,2
863,0
864,2
865,0
866,0
867,1
868,2
869,3
870,3
871,3
872,0
873,1
874,2
875,3
876,3
877,0
878,3
879,0
880,0
881,0
882,1
883,2
884,1
885,2
886,0
887,2
888,0
889,3
890,1
891,0
892,0
893,1
894,0
895,0
896,0
897,0
898,0
899,2
900,3
901,1
902,1
903,1
904,1
905,1
906,0
907,0
908,2
909,1
910,0
911,0
912,0
913,3
914,0
915,3
916,2
917,0
918,0
919,3
920,0
921,2
922,3
923,0
924,3
925,0
926,0
927,3
928,3
929,0
930,0
931,0
932,3
933,2
934,2
935,0
936,3
937,1
938,3
939,3
940,0
941,3
942,2
943,0
944,0
945,2
946,0
947,1
948,0
949,2
950,1
951,1
952,0
953,3
954,0
955,0
956,0
957,1
958,1
959,0
960,0
961,2
962,1
963,0
964,1
965,3
966,1
967,1
968,0
969,3
970,0
971,0
972,0
973,2
974,1
975,2
976,2
977,0
978,3
979,0
980,2
981,0
982,3
983,0
984,0
985,3
986,2
987,0
988,2
989,2
990,3
991,0
992,2
993,0
994,0
995,0
996,3
997,0
998,2
999,1
1000,1
1001,0
1002,0
1003,0
1004,3
1005,0
1006,3
1007,0
1008,0
1009,0
1010,0
1011,2
1012,1
1013,0
1014,0
1015,0
1016,3
1017,2
1018,0
1019,0
1020,3
1021,0
1022,0
1023,0
1024,0
1025,3
1026,2
1027,2
1028,1
1029,1
1030,1
1031,0
1032,1
1033,3
1034,0
1035,3
1036,0
1037,3
1038,0
1039,0
1040,3
1041,0
1042,0
1043,3
1044,2
1045,0
1046,1
1047,0
1048,0
1049,0
1050,0
1051,0
1052,3
1053,3
1054,3
1055,0
1056,1
1057,3
1058,2
1059,3
1060,3
1061,3
1062,0
1063,1
1064,0
1065,2
1066,0
1067,0
1068,0
1069,2
1070,1
1071,1
1072,2
1073,3
1074,3
1075,2
1076,0
1077,0
1078,0
1079,0
1080,3
1081,1
1082,0
1083,1
1084,3
1085,3
1086,1
1087,3
1088,1
1089,0
1090,3
1091,2
1092,3
1093,0
1094,1
1095,0
1096,3
1097,2
1098,1
1099,1
1100,0
1101,2
1102,0
1103,3
1104,3
1105,1
1106,3
1107,0
1108,2
1109,2
1110,2
1111,0
1112,3
1113,0
1114,2
1115,3
1116,1
1117,1
1118,0
1119,3
1120,0
1121,0
1122,1
1123,0
1124,0
1125,0
1126,3
1127,0
1128,0
1129,2
1130,3
1131,0
1132,2
1133,0
1134,0
1135,3
1136,2
1137,2
1138,1
1139,0
1140,2
1141,0
1142,2
1143,3
1144,0
1145,3
1146,0
1147,0
1148,1
1149,0
1150,1
1151,3
1152,1
1153,1
1154,1
1155,1
1156,3
1157,2
1158,0
1159,3
1160,2
1161,0
1162,0
1163,0
1164,0
1165,3
1166,0
1167,2
1168,2
1169,3
1170,0
1171,3
1172,1
1173,0
1174,0
1175,2
1176,0
1177,2
1178,3
1179,1
1180,0
1181,3
1182,1
1183,2
1184,1
1185,0
1186,2
1187,3
1188,0
1189,2
1190,0
1191,0
1192,3
1193,3
1194,1
1195,3
1196,2
1197,0
1198,1
1199,3
1200,3
1201,0
1202,0
1203,0
1204,1
1205,3
1206,3
1207,0
1208,3
1209,3
1210,1
1211,0
1212,1
1213,0
1214,0
1215,2
1216,1
1217,0
1218,3
1219,0
1220,1
1221,0
1222,2
1223,0
1224,0
1225,1
1226,1
1227,0
1228,3
1229,2
1230,0
1231,3
1232,3
1233,0
1234,0
1235,0
1236,2
1237,0
1238,3
1239,0
1240,3
1241,3
1242,1
1243,0
1244,2
1245,0
1246,2
1247,0
1248,3
1249,2
1250,2
1251,0
1252,0
1253,3
1254,0
1255,3
1256,2
1257,0
1258,3
1259,0
1260,3
1261,3
1262,2
1263,0
1264,0
1265,0
1266,0
1267,0
1268,0
1269,0
1270,1
1271,0
1272,3
1273,0
1274,3
1275,2
1276,1
1277,3
1278,1
1279,2
1280,0
1281,0
1282,2
1283,3
1284,0
1285,0
1286,0
1287,0
1288,0
1289,0
1290,0
1291,0
1292,2
1293,0
1294,0
1295,3
1296,2
1297,2
1298,2
1299,2
1300,1
1301,0
1302,2
1303,2
1304,3
1305,3
1306,2
1307,0
1308,1
1309,1
1310,0
1311,0
1312,3
1313,1
1314,0
1315,0
1316,2
1317,0
1318,0
1319,3
1320,3
1321,3
1322,1
1323,3
1324,1
1325,2
1326,2
1327,3
1328,1
1329,3
1330,1
1331,3
1332,3
1333,2
1334,1
1335,2
1336,0
1337,3
1338,0
1339,0
1340,2
1341,0
1342,3
1343,0
1344,3
1345,2
1346,3
1347,1
1348,1
1349,1
1350,0
1351,1
1352,2
1353,2
1354,0
1355,2
1356,2
1357,0
1358,0
1359,1
1360,2
1361,0
1362,0
1363,2
1364,3
1365,2
1366,0
1367,2
1368,0
1369,0
1370,3
1371,3
1372,2
1373,0
1374,3
1375,0
1376,2
1377,1
1378,3
1379,2
1380,2
1381,2
1382,0
1383,1
1384,0
1385,1
1386,3
1387,0
1388,0
1389,3
1390,2
1391,0
1392,0
1393,0
1394,0
1395,0
1396,0
1397,2
1398,1
1399,0
1400,0
1401,0
1402,3
1403,0
1404,0
1405,1
1406,3
1407,3
1408,0
1409,3
1410,2
1411,0
1412,0
1413,2
1414,1
1415,0
1416,1
1417,0
1418,2
1419,0
1420,0
1421,3
1422,0
1423,1
1424,0
1425,1
1426,1
1427,3
1428,0
1429,3
1430,3
1431,0
1432,0
1433,0
1434,2
1435,0
1436,0
1437,2
1438,3
1439,2
1440,0
1441,2
1442,0
1443,1
1444,0
1445,2
1446,2
1447,3
1448,3
1449,0
1450,3
1451,1
1452,0
1453,1
1454,1
1455,0
1456,0
1457,0
1458,1
1459,1
1460,0
1461,0
1462,0
1463,1
1464,0
1465,3
1466,0
1467,3
1468,1
1469,0
1470,3
1471,3
1472,0
1473,3
1474,1
1475,2
1476,2
1477,0
1478,0
1479,2
1480,1
1481,3
1482,1
1483,0
1484,3
1485,1
1486,1
1487,2
1488,0
1489,1
1490,0
1491,0
1492,1
1493,0
1494,0
1495,1
1496,2
1497,2
1498,2
1499,0
1500,1
1501,3
1502,0
1503,0
1504,3
1505,2
1506,3
1507,1
1508,3
1509,0
1510,0
1511,3
1512,2
1513,0
1514,3
1515,1
1516,0
1517,3
1518,0
1519,1
1520,0
1521,0
1522,3
1523,1
1524,1
1525,0
1526,3
1527,0
1528,1
1529,1
1530,3
1531,2
1532,3
1533,1
1534,1
1535,1
1536,0
1537,1
1538,1
1539,2
1540,0
1541,3
1542,0
1543,2
1544,0
1545,2
1546,1
1547,0
1548,3
1549,3
1550,2
1551,2
1552,3
1553,2
1554,3
1555,3
1556,0
1557,3
1558,3
1559,0
1560,0
1561,0
1562,2
1563,3
1564,3
1565,2
1566,0
1567,2
1568,0
1569,0
1570,0
1571,1
1572,0
1573,3
1574,3
1575,3
1576,2
1577,0
1578,3
1579,3
1580,2
1581,2
1582,0
1583,1
1584,0
1585,2
1586,3
1587,1
1588,2
1589,2
1590,0
1591,3
1592,3
1593,2
1594,1
1595,0
1596,3
1597,0
1598,1
1599,3
1600,3
1601,2
1602,2
1603,1
1604,0
1605,0
1606,0
1607,3
1608,2
1609,2
1610,0
1611,0
1612,0
1613,3
1614,3
1615,1
1616,0
1617,3
1618,2
1619,2
1620,2
1621,0
1622,1
1623,0
1624,0
1625,1
1626,1
1627,0
1628,0
1629,0
1630,2
1631,2
1632,3
1633,2
1634,1
1635,1
1636,2
1637,0
1638,3
1639,0
1640,0
1641,0
1642,0
1643,0
1644,0
1645,3
1646,0
1647,3
1648,3
1649,1
1650,1
1651,0
1652,1
1653,0
1654,1
1655,0
1656,3
1657,3
1658,2
1659,2
1660,0
1661,0
1662,0
1663,2
1664,3
1665,3
1666,0
1667,3
1668,1
1669,0
1670,3
1671,0
1672,1
1673,2
1674,2
1675,0
1676,0
1677,0
1678,3
1679,0
1680,0
1681,2
1682,0
1683,3
1684,0
1685,3
1686,3
1687,2
1688,2
1689,3
1690,3
1691,0
1692,0
1693,1
1694,0
1695,0
1696,0
1697,1
1698,2
1699,2
1700,1
1701,0
1702,1
1703,0
1704,3
1705,0
1706,0
1707,0
1708,1
1709,2
1710,0
1711,3
1712,0
1713,1
1714,2
1715,3
1716,3
1717,1
1718,0
1719,0
1720,0
1721,0
1722,1
1723,0
1724,2
1725,2
1726,0
1727,0
1728,1
1729,2
1730,2
1731,2
1732,0
1733,0
1734,1
1735,0
1736,0
1737,1
1738,0
1739,1
1740,0
1741,3
1742,0
1743,2
1744,3
1745,2
1746,0
1747,2
1748,3
1749,0
1750,0
1751,0
1752,3
1753,1
1754,2
1755,3
1756,0
1757,1
1758,3
1759,1
1760,0
1761,0
1762,0
1763,0
1764,3
1765,0
1766,0
1767,2
1768,2
1769,3
1770,0
1771,2
1772,1
1773,3
1774,1
1775,2
1776,3
1777,1
1778,0
1779,0
1780,0
1781,1
1782,2
1783,0
1784,1
1785,0
1786,0
1787,0
1788,2
1789,3
1790,3
1791,0
1792,3
1793,3
1794,3
1795,0
1796,3
1797,0
1798,0
1799,0
1800,0
1801,3
1802,0
1803,0
1804,0
1805,3
1806,0
1807,0
1808,0
1809,3
1810,2
1811,2
1812,1
1813,2
1814,0
1815,1
1816,3
1817,1
1818,0
1819,3
1820,0
1821,2
1822,1
1823,3
1824,1
1825,3
1826,0
1827,0
1828,0
1829,0
1830,1
1831,2
1832,0
1833,0
1834,1
1835,0
1836,0
1837,2
1838,2
1839,0
1840,1
1841,3
1842,2
1843,0
1844,0
1845,1
1846,2
1847,3
1848,0
1849,3
1850,3
1851,1
1852,2
1853,3
1854,3
1855,3
1856,1
1857,1
1858,2
1859,0
1860,2
1861,3
1862,2
1863,2
1864,0
1865,1
1866,3
1867,3
1868,0
1869,0
1870,1
1871,3
1872,0
1873,1
1874,2
1875,0
1876,0
1877,0
1878,3
1879,1
1880,1
1881,3
1882,2
1883,2
1884,0
1885,1
1886,3
1887,0
1888,2
1889,3
1890,0
1891,0
1892,0
1893,1
1894,2
1895,0
1896,0
1897,1
1898,3
1899,0
1900,0
1901,1
1902,0
1903,1
1904,3
1905,0
1906,2
1907,2
1908,1
1909,0
1910,1
1911,1
1912,0
1913,3
1914,0
1915,1
1916,0
1917,3
1918,2
1919,1
1920,0
1921,3
1922,1
1923,0
1924,0
1925,0
1926,1
1927,0
1928,1
1929,2
1930,0
1931,1
1932,0
1933,2
1934,0
1935,1
1936,2
1937,0
1938,2
1939,2
1940,0
1941,2
1942,0
1943,0
1944,0
1945,3
1946,1
1947,0
1948,2
1949,2
1950,0
1951,0
1952,0
1953,2
1954,0
1955,0
1956,0
1957,3
1958,0
1959,0
1960,2
1961,3
1962,1
1963,0
1964,0
1965,0
1966,0
1967,0
1968,3
1969,1
1970,0
1971,2
1972,2
1973,0
1974,0
1975,3
1976,3
1977,0
1978,3
1979,1
1980,3
1981,2
1982,0
1983,3
1984,0
1985,1
1986,0
1987,0
1988,0
1989,3
1990,3
1991,3
1992,0
1993,0
1994,3
1995,3
1996,1
1997,3
1998,0
1999,1
2000,0
2001,3
2002,0
2003,0
2004,1
2005,3
2006,3
2007,2
2008,2
2009,0
2010,3
2011,1
2012,2
2013,2
2014,0
2015,0
2016,0
2017,0
2018,0
2019,1
2020,2
2021,2
2022,1
2023,0
2024,1
2025,3
2026,2
2027,1
2028,3
2029,0
2030,0
2031,3
2032,3
2033,2
2034,2
2035,0
2036,2
2037,1
2038,2
2039,0
2040,2
2041,2
2042,0
2043,0
2044,1
2045,1
2046,2
2047,0
2048,0
2049,3
2050,0
2051,3
2052,1
2053,2
2054,1
2055,0
2056,3
2057,2
2058,3
2059,3
2060,3
2061,3
2062,0
2063,3
2064,1
2065,2
2066,2
2067,3
2068,3
2069,1
2070,2
2071,2
2072,0
2073,0
2074,3
2075,0
2076,0
2077,3
2078,0
2079,1
2080,0
2081,0
2082,2
2083,1
2084,2
2085,0
2086,0
2087,0
2088,0
2089,1
2090,0
2091,2
2092,3
2093,1
2094,2
2095,0
2096,2
2097,0
2098,3
2099,2
2100,1
2101,3
2102,0
2103,0
2104,0
2105,0
2106,2
2107,0
2108,3
2109,3
2110,3
2111,2
2112,0
2113,2
2114,0
2115,1
2116,1
2117,3
2118,1
2119,2
2120,0
2121,2
2122,1
2123,0
2124,1
2125,3
2126,0
2127,2
2128,0
2129,2
2130,3
2131,0
2132,2
2133,3
2134,3
2135,1
2136,3
2137,1
2138,0
2139,2
2140,1
2141,1
2142,1
2143,2
2144,2
2145,0
2146,0
2147,3
2148,0
2149,1
2150,2
2151,1
2152,3
2153,0
2154,3
2155,0
2156,2
2157,3
2158,0
2159,3
2160,3
2161,2
2162,0
2163,2
2164,1
2165,3
2166,0
2167,0
2168,1
2169,3
2170,2
2171,2
2172,2
2173,3
2174,2
2175,3
2176,0
2177,3
2178,0
2179,0
2180,0
2181,2
2182,1
2183,3
2184,3
2185,1
2186,1
2187,1
2188,0
2189,2
2190,1
2191,3
2192,3
2193,0
2194,0
2195,3
2196,3
2197,1
2198,1
2199,3
2200,0
2201,2
2202,0
2203,0
2204,0
2205,0
2206,2
2207,3
2208,0
2209,1
2210,0
2211,3
2212,3
2213,3
2214,2
2215,0
2216,0
2217,0
2218,2
2219,3
2220,3
2221,0
2222,1
2223,2
2224,0
2225,1
2226,2
2227,1
2228,1
2229,0
2230,3
2231,1
2232,3
2233,0
2234,0
2235,3
2236,1
2237,1
2238,2
2239,0
2240,0
2241,1
2242,2
2243,1
2244,0
2245,0
2246,1
2247,2
2248,2
2249,1
2250,2
2251,0
2252,0
2253,2
2254,3
2255,1
2256,0
2257,3
2258,0
2259,0
2260,0
2261,1
2262,2
2263,0
2264,0
2265,3
2266,0
2267,0
2268,1
2269,3
2270,0
2271,3
2272,0
2273,0
2274,0
2275,3
2276,3
2277,3
2278,0
2279,0
2280,2
2281,0
2282,3
2283,2
2284,2
2285,2
2286,1
2287,1
2288,0
2289,0
2290,0
2291,1
2292,0
2293,3
2294,3
2295,2
2296,1
2297,0
2298,0
2299,0
2300,0
2301,3
2302,1
2303,0
2304,0
2305,3
2306,1
2307,0
2308,2
2309,2
2310,3
2311,3
2312,0
2313,2
2314,3
2315,1
2316,3
2317,2
2318,0
2319,1
2320,0
2321,1
2322,2
2323,1
2324,0
2325,1
2326,0
2327,2
2328,0
2329,2
2330,2
2331,0
2332,2
2333,3
2334,0
2335,0
2336,2
2337,1
2338,3
2339,0
2340,1
2341,3
2342,3
2343,3
2344,2
2345,0
2346,3
2347,2
2348,0
2349,0
2350,3
2351,2
2352,1
2353,0
2354,0
2355,0
2356,3
2357,3
2358,1
2359,1
2360,1
2361,1
2362,3
2363,2
2364,2
2365,1
2366,0
2367,1
2368,1
2369,2
2370,1
2371,2
2372,0
2373,2
2374,0
2375,1
2376,1
2377,3
2378,2
2379,3
2380,3
2381,2
2382,2
2383,0
2384,0
2385,0
2386,0
2387,0
2388,3
2389,0
2390,1
2391,0
2392,3
2393,1
2394,3
2395,0
2396,3
2397,1
2398,0
2399,3
2400,2
2401,0
2402,1
2403,0
2404,0
2405,0
2406,3
2407,2
2408,0
2409,3
2410,2
2411,3
2412,0
2413,2
2414,1
2415,2
2416,1
2417,0
2418,0
2419,2
2420,0
2421,0
2422,2
2423,2
2424,3
2425,2
2426,3
2427,0
2428,1
2429,0
2430,1
2431,1
2432,0
2433,1
2434,0
2435,0
2436,2
2437,0
2438,0
2439,2
2440,1
2441,1
2442,3
2443,1
2444,1
2445,1
2446,2
2447,3
2448,2
2449,0
2450,0
2451,2
2452,0
2453,2
2454,3
2455,0
2456,0
2457,0
2458,3
2459,0
2460,2
2461,3
2462,1
2463,0
2464,0
2465,0
2466,1
2467,2
2468,0
2469,2
2470,1
2471,1
2472,0
2473,3
2474,2
2475,0
2476,2
2477,3
2478,3
2479,0
2480,1
2481,1
2482,3
2483,2
2484,0
2485,0
2486,2
2487,0
2488,3
2489,1
2490,2
2491,0
2492,0
2493,0
2494,1
2495,3
2496,0
2497,3
2498,1
2499,1
2500,0
2501,0
2502,1
2503,0
2504,0
2505,2
2506,3
2507,2
2508,3
2509,1
2510,0
2511,2
2512,0
2513,1
2514,3
2515,3
2516,0
2517,1
2518,0
2519,3
2520,0
2521,1
2522,0
2523,1
2524,3
2525,1
2526,1
2527,2
2528,2
2529,3
2530,2
2531,0
2532,1
2533,1
2534,0
2535,0
2536,3
2537,0
2538,2
2539,0
2540,1
2541,1
2542,0
2543,1
2544,2
2545,3
2546,3
2547,0
2548,1
2549,3
2550,0
2551,3
2552,1
2553,3
2554,1
2555,1
2556,3
2557,0
2558,0
2559,0
2560,0
2561,3
2562,3
2563,2
2564,0
2565,0
2566,2
2567,0
2568,1
2569,0
2570,3
2571,0
2572,1
2573,2
2574,2
2575,2
2576,1
2577,1
2578,0
2579,0
2580,2
2581,2
2582,3
2583,0
2584,0
2585,2
2586,2
2587,0
2588,0
2589,1
2590,1
2591,3
2592,0
2593,3
2594,0
2595,1
2596,2
2597,2
2598,1
2599,3
2600,2
2601,0
2602,3
2603,1
2604,0
2605,0
2606,3
2607,3
2608,0
2609,0
2610,0
2611,0
2612,0
2613,0
2614,0
2615,2
2616,0
2617,3
2618,3
2619,3
2620,0
2621,3
2622,0
2623,3
2624,0
2625,2
2626,3
2627,0
2628,0
2629,3
2630,0
2631,3
2632,0
2633,0
2634,0
2635,0
2636,3
2637,3
2638,2
2639,0
2640,0
2641,0
2642,2
2643,1
2644,3
2645,0
2646,2
2647,3
2648,3
2649,3
2650,1
2651,0
2652,3
2653,3
2654,0
2655,0
2656,2
2657,0
2658,2
2659,3
2660,3
2661,0
2662,1
2663,2
2664,2
2665,0
2666,0
2667,0
2668,2
2669,1
2670,3
2671,1
2672,0
2673,0
2674,3
2675,0
2676,0
2677,0
2678,2
2679,0
2680,0
2681,0
2682,0
2683,1
2684,0
2685,2
2686,3
2687,3
2688,2
2689,3
2690,2
2691,0
2692,2
2693,3
2694,0
2695,0
2696,3
2697,1
2698,0
2699,2
2700,0
2701,0
2702,0
2703,0
2704,1
2705,0
2706,0
2707,1
2708,3
2709,1
2710,3
2711,2
2712,3
2713,0
2714,2
2715,3
2716,0
2717,3
2718,0
2719,0
2720,1
2721,1
2722,3
2723,0
2724,0
2725,1
2726,1
2727,3
2728,0
2729,1
2730,0
2731,1
2732,3
2733,3
2734,3
2735,2
2736,3
2737,2
2738,0
2739,1
2740,3
2741,2
2742,0
2743,2
2744,2
2745,2
2746,2
2747,3
2748,2
2749,0
2750,2
2751,0
2752,2
2753,0
2754,3
2755,3
2756,2
2757,0
2758,1
2759,0
2760,3
2761,0
2762,3
2763,1
2764,3
2765,1
2766,0
2767,3
2768,0
2769,0
2770,3
2771,0
2772,0
2773,1
2774,0
2775,1
2776,0
2777,0
2778,3
2779,3
2780,1
2781,0
2782,1
2783,2
2784,0
2785,3
2786,0
2787,3
2788,0
2789,0
2790,0
2791,2
2792,1
2793,3
2794,2
2795,0
2796,3
2797,0
2798,2
2799,3
2800,1
2801,1
2802,0
2803,0
2804,0
2805,0
2806,1
2807,1
2808,1
2809,2
2810,0
2811,3
2812,0
2813,3
2814,0
2815,0
2816,0
2817,0
2818,0
2819,3
2820,2
2821,1
2822,0
2823,2
2824,3
2825,3
2826,2
2827,1
2828,2
2829,0
2830,3
2831,0
2832,1
2833,0
2834,3
2835,1
2836,0
2837,0
2838,3
2839,0
2840,2
2841,2
2842,0
2843,1
2844,0
2845,3
2846,1
2847,2
2848,0
2849,2
2850,0
2851,1
2852,0
2853,2
2854,0
2855,2
2856,0
2857,2
2858,3
2859,3
2860,0
2861,0
2862,0
2863,0
2864,0
2865,1
2866,1
2867,1
2868,2
2869,0
2870,3
2871,2
2872,0
2873,0
2874,3
2875,0
2876,2
2877,2
2878,0
2879,2
2880,2
2881,0
2882,3
2883,1
2884,0
2885,0
2886,2
2887,0
2888,1
2889,0
2890,0
2891,2
2892,0
2893,3
2894,1
2895,2
2896,2
2897,0
2898,3
2899,1
2900,3
2901,2
2902,1
2903,3
2904,2
2905,2
2906,1
2907,0
2908,3
2909,2
2910,1
2911,0
2912,0
2913,2
2914,2
2915,0
2916,2
2917,3
2918,2
2919,3
2920,3
2921,3
2922,0
2923,1
2924,3
2925,0
2926,0
2927,2
2928,2
2929,3
2930,2
2931,0
2932,2
2933,3
2934,0
2935,3
2936,0
2937,1
2938,3
2939,0
2940,2
2941,3
2942,0
2943,3
2944,0
2945,0
2946,1
2947,3
2948,3
2949,2
2950,3
2951,2
2952,0
2953,2
2954,0
2955,2
2956,0
2957,1
2958,1
2959,2
2960,0
2961,0
2962,0
2963,2
2964,1
2965,2
2966,0
2967,0
2968,3
2969,2
2970,1
2971,2
2972,0
2973,3
2974,3
2975,1
2976,0
2977,3
2978,0
2979,3
2980,1
2981,0
2982,0
2983,1
2984,2
2985,0
2986,0
2987,1
2988,2
2989,0
2990,2
2991,1
2992,3
2993,2
2994,2
2995,1
2996,1
2997,0
2998,3
2999,2
3000,0
3001,0
3002,0
3003,0
3004,2
3005,0
3006,3
3007,1
3008,0
3009,0
3010,1
3011,0
3012,1
3013,0
3014,0
3015,3
3016,2
3017,3
3018,2
3019,2
3020,0
3021,0
3022,0
3023,2
3024,3
3025,0
3026,0
3027,3
3028,2
3029,0
3030,1
3031,0
3032,3
3033,3
3034,1
3035,3
3036,3
3037,0
3038,1
3039,3
3040,0
3041,1
3042,3
3043,0
3044,0
3045,0
3046,0
3047,1
3048,2
3049,2
3050,1
3051,2
3052,0
3053,0
3054,3
3055,0
3056,0
3057,2
3058,0
3059,0
3060,0
3061,1
3062,0
3063,1
3064,2
3065,3
3066,2
3067,3
3068,2
3069,3
3070,0
3071,3
3072,0
3073,1
3074,2
3075,1
3076,1
3077,0
3078,3
3079,2
3080,3
3081,0
3082,1
3083,1
3084,3
3085,0
3086,0
3087,0
3088,1
3089,3
3090,0
3091,3
3092,3
3093,2
3094,2
3095,1
3096,0
3097,1
3098,0
3099,0
3100,1
3101,1
3102,2
3103,3
3104,2
3105,2
3106,3
3107,0
3108,1
3109,2
3110,0
3111,2
3112,1
3113,0
3114,3
3115,0
3116,0
3117,0
3118,2
3119,2
3120,1
3121,0
3122,2
3123,0
3124,2
3125,0
3126,1
3127,1
3128,3
3129,2
3130,3
3131,2
3132,3
3133,3
3134,0
3135,3
3136,0
3137,0
3138,0
3139,0
3140,0
3141,0
3142,0
3143,1
3144,1
3145,0
3146,3
3147,0
3148,0
3149,0
3150,3
3151,3
3152,0
3153,2
3154,2
3155,2
3156,2
3157,0
3158,1
3159,0
3160,2
3161,2
3162,0
3163,3
3164,0
3165,2
3166,3
3167,0
3168,0
3169,0
3170,0
3171,3
3172,0
3173,2
3174,0
3175,1
3176,2
3177,3
3178,0
3179,0
3180,3
3181,2
3182,2
3183,1
3184,0
3185,2
3186,1
3187,1
3188,0
3189,0
3190,0
3191,3
3192,0
3193,3
3194,1
3195,3
3196,0
3197,1
3198,3
3199,0
3200,0
3201,2
3202,3
3203,2
3204,1
3205,2
3206,3
3207,0
3208,0
3209,0
3210,0
3211,0
3212,0
3213,2
3214,1
3215,2
3216,0
3217,2
3218,3
3219,2
3220,1
3221,3
3222,0
3223,0
3224,3
3225,3
3226,0
3227,2
3228,2
3229,3
3230,0
3231,3
3232,3
3233,0
3234,0
3235,2
3236,1
3237,2
3238,3
3239,3
3240,2
3241,0
3242,1
3243,1
3244,2
3245,1
3246,1
3247,2
3248,0
3249,0
3250,2
3251,0
3252,2
3253,1
3254,3
3255,1
3256,1
3257,2
3258,3
3259,2
3260,0
3261,0
3262,1
3263,0
3264,0
3265,0
3266,1
3267,1
3268,1
3269,3
3270,0
3271,2
3272,0
3273,3
3274,0
3275,2
3276,2
3277,3
3278,0
3279,1
3280,0
3281,2
3282,2
3283,0
3284,0
3285,0
3286,2
3287,2
3288,0
3289,0
3290,1
3291,2
3292,1
3293,0
3294,0
3295,3
3296,0
3297,1
3298,2
3299,0
3300,3
3301,1
3302,3
3303,1
3304,1
3305,3
3306,0
3307,3
3308,2
3309,0
3310,0
3311,2
3312,2
3313,2
3314,1
3315,1
3316,3
3317,0
3318,2
3319,0
3320,3
3321,3
3322,3
3323,3
3324,0
3325,0
3326,0
3327,3
3328,0
3329,3
3330,1
3331,1
3332,0
3333,0
3334,0
3335,0
3336,3
3337,1
3338,0
3339,0
3340,1
3341,0
3342,3
3343,0
3344,0
3345,0
3346,0
3347,0
3348,0
3349,3
3350,0
3351,0
3352,3
3353,0
3354,1
3355,0
3356,0
3357,0
3358,2
3359,0
3360,2
3361,0
3362,3
3363,2
3364,0
3365,3
3366,1
3367,0
3368,3
3369,0
3370,0
3371,0
3372,1
3373,0
3374,2
3375,0
3376,1
3377,3
3378,3
3379,3
3380,2
3381,0
3382,2
3383,0
3384,3
3385,0
3386,0
3387,1
3388,3
3389,2
3390,1
3391,0
3392,0
3393,0
3394,0
3395,0
3396,3
3397,0
3398,0
3399,2
3400,1
3401,3
3402,2
3403,2
3404,3
3405,3
3406,2
3407,1
3408,3
3409,2
3410,3
3411,3
3412,0
3413,1
3414,3
3415,0
3416,0
3417,0
3418,1
3419,0
3420,3
3421,0
3422,3
3423,1
3424,0
3425,0
3426,0
3427,1
3428,0
3429,1
3430,2
3431,0
3432,1
3433,3
3434,0
3435,0
3436,0
3437,0
3438,3
3439,0
3440,3
3441,0
3442,3
3443,2
3444,2
3445,0
3446,3
3447,0
3448,0
3449,1
3450,3
3451,2
3452,3
3453,3
3454,0
3455,3
3456,3
3457,1
3458,1
3459,0
3460,0
3461,3
3462,0
3463,3
3464,2
3465,2
3466,3
3467,1
3468,2
3469,2
3470,1
3471,1
3472,0
3473,0
3474,1
3475,3
3476,2
3477,0
3478,0
3479,2
3480,0
3481,0
3482,3
3483,3
3484,2
3485,3
3486,0
3487,1
3488,0
3489,0
3490,0
3491,0
3492,0
3493,2
3494,3
3495,3
3496,0
3497,2
3498,1
3499,2
3500,0
3501,0
3502,0
3503,2
3504,3
3505,0
3506,0
3507,2
3508,0
3509,2
3510,2
3511,3
3512,2
3513,2
3514,3
3515,3
3516,1
3517,0
3518,2
3519,1
3520,3
3521,2
3522,0
3523,1
3524,3
3525,1
3526,0
3527,3
3528,0
3529,0
3530,2
3531,2
3532,0
3533,2
3534,0
3535,1
3536,1
3537,1
3538,2
3539,2
3540,3
3541,0
3542,2
3543,2
3544,1
3545,3
3546,0
3547,1
3548,0
3549,1
3550,3
3551,2
3552,0
3553,0
3554,2
3555,1
3556,0
3557,1
3558,0
3559,1
3560,3
3561,3
3562,3
3563,1
3564,1
3565,1
3566,1
3567,3
3568,0
3569,1
3570,1
3571,3
3572,3
3573,2
3574,3
3575,0
3576,2
3577,0
3578,1
3579,3
3580,0
3581,3
3582,0
3583,1
3584,0
3585,0
3586,0
3587,2
3588,3
3589,3
3590,0
3591,0
3592,2
3593,0
3594,0
3595,0
3596,0
3597,3
3598,2
3599,3
3600,0
3601,3
3602,3
3603,2
3604,2
3605,0
3606,0
3607,0
3608,2
3609,3
3610,0
3611,1
3612,0
3613,0
3614,2
3615,2
3616,0
3617,3
3618,2
3619,2
3620,1
3621,1
3622,2
3623,1
3624,2
3625,0
3626,1
3627,3
3628,0
3629,1
3630,2
3631,1
3632,3
3633,3
3634,3
3635,3
3636,1
3637,2
3638,0
3639,3
3640,3
3641,1
3642,3
3643,0
3644,2
3645,0
3646,1
3647,1
3648,0
3649,0
3650,0
3651,2
3652,1
3653,0
3654,0
3655,0
3656,3
3657,3
3658,0
3659,0
3660,3
3661,3
3662,3
3663,0
3664,0
3665,0
3666,1
3667,3
3668,2
3669,3
3670,0
3671,0
3672,1
3673,1
3674,0
3675,3
3676,2
3677,2
3678,0
3679,2
3680,2
3681,3
3682,0
3683,0
3684,3
3685,2
3686,1
3687,3
3688,2
3689,0
3690,1
3691,1
3692,3
3693,2
3694,2
3695,3
3696,0
3697,0
3698,3
3699,0
3700,0
3701,2
3702,3
3703,3
3704,3
3705,2
3706,3
3707,2
3708,2
3709,3
3710,0
3711,2
3712,1
3713,3
3714,0
3715,1
3716,2
3717,0
3718,0
3719,3
3720,0
3721,0
3722,2
3723,0
3724,0
3725,0
3726,3
3727,0
3728,3
3729,3
3730,2
3731,0
3732,3
3733,0
3734,0
3735,0
3736,2
3737,3
3738,0
3739,0
3740,0
3741,0
3742,0
3743,0
3744,0
3745,0
3746,0
3747,0
3748,3
3749,0
3750,2
3751,2
3752,3
3753,3
3754,2
3755,2
3756,3
3757,0
3758,3
3759,1
3760,0
3761,1
3762,1
3763,2
3764,1
3765,0
3766,2
3767,2
3768,0
3769,3
3770,3
3771,0
3772,1
3773,0
3774,3
3775,0
3776,0
3777,0
3778,2
3779,0
3780,2
3781,0
3782,3
3783,0
3784,3
3785,3
3786,0
3787,0
3788,3
3789,0
3790,2
3791,0
3792,0
3793,1
3794,0
3795,0
3796,1
3797,0
3798,2
3799,2
3800,0
3801,3
3802,1
3803,2
3804,3
3805,3
3806,0
3807,3
3808,2
3809,3
3810,0
3811,0
3812,0
3813,0
3814,1
3815,3
3816,0
3817,3
3818,1
3819,0
3820,3
3821,0
3822,2
3823,1
3824,0
3825,1
3826,0
3827,2
3828,2
3829,0
3830,2
3831,3
3832,0
3833,1
3834,0
3835,3
3836,0
3837,3
3838,0
3839,0
3840,0
3841,0
3842,3
3843,0
3844,3
3845,0
3846,1
3847,3
3848,0
3849,2
3850,3
3851,0
3852,2
3853,1
3854,0
3855,0
3856,3
3857,0
3858,3
3859,0
3860,1
3861,0
3862,3
3863,0
3864,3
3865,2
3866,3
3867,0
3868,1
3869,1
3870,3
3871,2
3872,3
3873,0
3874,0
3875,3
3876,2
3877,3
3878,2
3879,3
3880,0
3881,2
3882,3
3883,0
3884,0
3885,2
3886,3
3887,3
3888,0
3889,0
3890,2
3891,3
3892,0
3893,0
3894,2
3895,0
3896,0
3897,3
3898,2
3899,0
3900,0
3901,0
3902,0
3903,3
3904,0
3905,2
3906,0
3907,0
3908,3
3909,0
3910,1
3911,1
3912,2
3913,3
3914,2
3915,1
3916,0
3917,1
3918,0
3919,0
3920,3
3921,0
3922,2
3923,3
3924,0
3925,1
3926,3
3927,0
3928,3
3929,3
3930,0
3931,1
3932,0
3933,0
3934,2
3935,3
3936,2
3937,2
3938,1
3939,0
3940,2
3941,0
3942,2
3943,3
3944,2
3945,2
3946,1
3947,0
3948,0
3949,3
3950,0
3951,0
3952,0
3953,2
3954,0
3955,0
3956,3
3957,0
3958,0
3959,0
3960,3
3961,2
3962,3
3963,2
3964,2
3965,0
3966,2
3967,0
3968,3
3969,0
3970,2
3971,0
3972,3
3973,2
3974,3
3975,3
3976,0
3977,0
3978,0
3979,3
3980,2
3981,0
3982,0
3983,0
3984,0
3985,3
3986,2
3987,2
3988,2
3989,0
3990,3
3991,0
3992,1
3993,0
3994,2
3995,0
3996,0
3997,0
3998,1
3999,2
4000,3
4001,0
4002,3
4003,0
4004,3
4005,2
4006,3
4007,3
4008,0
4009,3
4010,0
4011,0
4012,0
4013,0
4014,1
4015,1
4016,2
4017,0
4018,0
4019,1
4020,1
4021,3
4022,3
4023,0
4024,0
4025,0
4026,3
4027,3
4028,0
4029,1
4030,2
4031,2
4032,0
4033,3
4034,0
4035,0
4036,2
4037,1
4038,0
4039,0
4040,2
4041,0
4042,2
4043,3
4044,0
4045,1
4046,0
4047,3
4048,0
4049,0
4050,0
4051,2
4052,3
4053,0
4054,1
4055,2
4056,3
4057,3
4058,1
4059,2
4060,0
4061,2
4062,0
4063,0
4064,2
4065,2
4066,0
4067,0
4068,0
4069,0
4070,0
4071,0
4072,0
4073,1
4074,1
4075,2
4076,0
4077,0
4078,3
4079,0
4080,0
4081,3
4082,3
4083,0
4084,1
4085,3
4086,0
4087,0
4088,0
4089,0
4090,0
4091,0
4092,2
4093,2
4094,0
4095,0
4096,0
4097,0
4098,0
4099,1
4100,0
4101,1
4102,1
4103,0
4104,0
4105,0
4106,0
4107,3
4108,3
4109,1
4110,0
4111,0
4112,1
4113,3
4114,2
4115,3
4116,2
4117,3
4118,1
4119,0
4120,0
4121,3
4122,2
4123,1
4124,3
4125,1
4126,0
4127,1
4128,0
4129,0
4130,0
4131,1
4132,0
4133,0
4134,0
4135,3
4136,0
4137,3
4138,0
4139,1
4140,2
4141,0
4142,3
4143,2
4144,0
4145,1
4146,0
4147,3
4148,2
4149,3
4150,2
4151,0
4152,1
4153,0
4154,1
4155,0
4156,0
4157,0
4158,0
4159,3
4160,1
4161,2
4162,0
4163,0
4164,3
4165,0
4166,2
4167,3
4168,0
4169,0
4170,0
4171,3
4172,1
4173,2
4174,3
4175,1
4176,3
4177,3
4178,0
4179,0
4180,3
4181,0
4182,2
4183,0
4184,0
4185,0
4186,0
4187,2
4188,0
4189,3
4190,0
4191,3
4192,0
4193,2
4194,1
4195,2
4196,3
4197,3
4198,2
4199,1
4200,0
4201,1
4202,0
4203,0
4204,3
4205,2
4206,0
4207,0
4208,0
4209,0
4210,1
4211,2
4212,1
4213,0
4214,2
4215,3
4216,2
4217,0
4218,1
4219,1
4220,1
4221,3
4222,2
4223,1
4224,0
4225,0
4226,1
4227,0
4228,0
4229,3
4230,3
4231,0
4232,2
4233,0
4234,3
4235,1
4236,1
4237,2
4238,3
4239,1
4240,0
4241,0
4242,1
4243,1
4244,0
4245,3
4246,3
4247,3
4248,0
4249,1
4250,0
4251,2
4252,0
4253,2
4254,0
4255,3
4256,2
4257,0
4258,0
4259,3
4260,0
4261,3
4262,1
4263,0
4264,3
4265,2
4266,2
4267,2
4268,0
4269,3
4270,0
4271,3
4272,2
4273,2
4274,0
4275,0
4276,3
4277,0
4278,2
4279,3
4280,3
4281,0
4282,0
4283,3
4284,0
4285,0
4286,0
4287,2
4288,0
4289,3
4290,3
4291,0
4292,3
4293,2
4294,3
4295,3
4296,3
4297,0
4298,0
4299,1
4300,3
4301,0
4302,3
4303,0
4304,3
4305,0
4306,3
4307,0
4308,1
4309,0
4310,0
4311,0
4312,1
4313,3
4314,0
4315,1
4316,2
4317,2
4318,3
4319,3
4320,0
4321,0
4322,3
4323,0
4324,2
4325,1
4326,2
4327,0
4328,0
4329,3
4330,0
4331,0
4332,0
4333,1
4334,1
4335,0
4336,3
4337,3
4338,2
4339,1
4340,1
4341,1
4342,3
4343,2
4344,0
4345,0
4346,0
4347,0
4348,0
4349,1
4350,0
4351,3
4352,2
4353,1
4354,0
4355,3
4356,0
4357,2
4358,1
4359,3
4360,0
4361,3
4362,3
4363,1
4364,0
4365,0
4366,0
4367,2
4368,3
4369,0
4370,0
4371,0
4372,2
4373,0
4374,0
4375,1
4376,3
4377,3
4378,0
4379,3
4380,3
4381,2
4382,1
4383,0
4384,3
4385,1
4386,0
4387,3
4388,3
4389,3
4390,0
4391,1
4392,1
4393,0
4394,3
4395,3
4396,1
4397,0
4398,1
4399,0
4400,0
4401,2
4402,0
4403,3
4404,0
4405,0
4406,1
4407,0
4408,1
4409,3
4410,0
4411,0
4412,0
4413,0
4414,0
4415,0
4416,0
4417,3
4418,0
4419,0
4420,0
4421,3
4422,0
4423,2
4424,1
4425,0
4426,0
4427,0
4428,2
4429,2
4430,1
4431,3
4432,1
4433,2
4434,1
4435,0
4436,0
4437,1
4438,0
4439,3
4440,0
4441,0
4442,0
4443,1
4444,3
4445,0
4446,0
4447,0
4448,2
4449,2
4450,2
4451,1
4452,0
4453,0
4454,3
4455,3
4456,3
4457,0
4458,1
4459,3
4460,3
4461,3
4462,2
4463,0
4464,0
4465,0
4466,2
4467,3
4468,0
4469,1
4470,0
4471,0
4472,2
4473,2
4474,0
4475,2
4476,2
4477,0
4478,2
4479,0
4480,1
4481,2
4482,0
4483,2
4484,0
4485,0
4486,1
4487,1
4488,0
4489,3
4490,1
4491,3
4492,3
4493,1
4494,0
4495,3
4496,1
4497,3
4498,3
4499,0
4500,0
4501,3
4502,0
4503,0
4504,2
4505,3
4506,2
4507,3
4508,0
4509,2
4510,3
4511,1
4512,3
4513,3
4514,0
4515,0
4516,1
4517,0
4518,0
4519,2
4520,3
4521,0
4522,2
4523,0
4524,2
4525,0
4526,1
4527,2
4528,2
4529,0
4530,3
4531,0
4532,3
4533,2
4534,0
4535,0
4536,0
4537,2
4538,0
4539,2
4540,1
4541,2
4542,1
4543,3
4544,0
4545,1
4546,1
4547,0
4548,3
4549,1
4550,3
4551,0
4552,2
4553,0
4554,2
4555,0
4556,2
4557,0
4558,0
4559,0
4560,0
4561,1
4562,2
4563,0
4564,0
4565,0
4566,1
4567,1
4568,3
4569,2
4570,1
4571,0
4572,1
4573,2
4574,3
4575,3
4576,3
4577,1
4578,3
4579,0
4580,1
4581,0
4582,3
4583,1
4584,1
4585,1
4586,2
4587,2
4588,3
4589,0
4590,2
4591,0
4592,0
4593,2
4594,0
4595,0
4596,3
4597,2
4598,2
4599,2
4600,1
4601,1
4602,2
4603,1
4604,0
4605,1
4606,0
4607,2
4608,2
4609,1
4610,0
4611,0
4612,0
4613,0
4614,0
4615,3
4616,0
4617,2
4618,0
4619,2
4620,0
4621,0
4622,0
4623,1
4624,2
4625,2
4626,0
4627,0
4628,0
4629,0
4630,0
4631,0
4632,1
4633,1
4634,0
4635,0
4636,0
4637,0
4638,0
4639,0
4640,3
4641,0
4642,2
4643,0
4644,1
4645,0
4646,0
4647,3
4648,3
4649,1
4650,0
4651,2
4652,1
4653,2
4654,3
4655,2
4656,0
4657,0
4658,2
4659,0
4660,2
4661,0
4662,1
4663,0
4664,1
4665,0
4666,3
4667,3
4668,2
4669,3
4670,3
4671,0
4672,3
4673,2
4674,2
4675,3
4676,3
4677,0
4678,0
4679,0
4680,2
4681,2
4682,3
4683,1
4684,3
4685,1
4686,0
4687,1
4688,0
4689,0
4690,1
4691,1
4692,1
4693,0
4694,2
4695,1
4696,3
4697,1
4698,1
4699,0
4700,3
4701,3
4702,0
4703,3
4704,0
4705,0
4706,0
4707,2
4708,0
4709,3
4710,2
4711,3
4712,3
4713,2
4714,1
4715,0
4716,0
4717,0
4718,3
4719,0
4720,0
4721,1
4722,0
4723,3
4724,0
4725,0
4726,0
4727,0
4728,1
4729,0
4730,2
4731,3
4732,3
4733,3
4734,0
4735,2
4736,0
4737,1
4738,0
4739,3
4740,3
4741,0
4742,0
4743,1
4744,3
4745,0
4746,3
4747,3
4748,1
4749,0
4750,3
4751,0
4752,3
4753,3
4754,2
4755,0
4756,3
4757,1
4758,2
4759,3
4760,2
4761,2
4762,1
4763,0
4764,0
4765,3
4766,0
4767,0
4768,1
4769,1
4770,3
4771,0
4772,2
4773,2
4774,2
4775,0
4776,3
4777,0
4778,3
4779,1
4780,2
4781,2
4782,3
4783,2
4784,2
4785,0
4786,1
4787,1
4788,0
4789,0
4790,0
4791,0
4792,0
4793,3
4794,2
4795,0
4796,2
4797,3
4798,2
4799,2
4800,1
4801,2
4802,3
4803,2
4804,0
4805,1
4806,1
4807,2
4808,3
4809,2
4810,0
4811,2
4812,2
4813,1
4814,1
4815,0
4816,1
4817,0
4818,3
4819,3
4820,0
4821,0
4822,1
4823,0
4824,3
4825,2
4826,2
4827,0
4828,3
4829,2
4830,3
4831,3
4832,0
4833,3
4834,0
4835,0
4836,0
4837,3
4838,1
4839,1
4840,1
4841,1
4842,3
4843,1
4844,0
4845,2
4846,0
4847,0
4848,3
4849,3
4850,1
4851,3
4852,3
4853,2
4854,1
4855,0
4856,0
4857,1
4858,0
4859,3
4860,3
4861,0
4862,0
4863,2
4864,1
4865,3
4866,3
4867,2
4868,1
4869,0
4870,0
4871,2
4872,1
4873,1
4874,0
4875,3
4876,0
4877,1
4878,1
4879,1
4880,3
4881,0
4882,3
4883,3
4884,3
4885,2
4886,3
4887,0
4888,2
4889,2
4890,1
4891,3
4892,3
4893,0
4894,2
4895,2
4896,2
4897,2
4898,2
4899,0
4900,2
4901,2
4902,0
4903,2
4904,1
4905,0
4906,0
4907,1
4908,1
4909,0
4910,2
4911,0
4912,3
4913,3
4914,2
4915,2
4916,2
4917,0
4918,0
4919,3
4920,3
4921,3
4922,1
4923,0
4924,3
4925,0
4926,1
4927,3
4928,1
4929,0
4930,0
4931,0
4932,0
4933,0
4934,0
4935,1
4936,3
4937,0
4938,2
4939,1
4940,1
4941,0
4942,3
4943,0
4944,2
4945,2
4946,0
4947,0
4948,3
4949,1
4950,0
4951,3
4952,1
4953,0
4954,2
4955,0
4956,2
4957,1
4958,3
4959,3
4960,0
4961,0
4962,3
4963,0
4964,2
4965,3
4966,3
4967,0
4968,1
4969,3
4970,3
4971,0
4972,0
4973,0
4974,0
4975,1
4976,3
4977,1
4978,0
4979,2
4980,2
4981,1
4982,0
4983,0
4984,3
4985,0
4986,3
4987,1
4988,3
4989,0
4990,2
4991,1
4992,0
4993,0
4994,0
4995,1
4996,3
4997,3
4998,3
4999,0
5000,1
5001,0
5002,2
5003,2
5004,2
5005,3
5006,2
5007,1
5008,0
5009,1
5010,2
5011,1
5012,3
5013,3
5014,0
5015,0
5016,1
5017,0
5018,3
5019,0
5020,2
5021,2
5022,0
5023,0
5024,3
5025,1
5026,2
5027,0
5028,0
5029,1
5030,0
5031,2
5032,3
5033,2
5034,1
5035,1
5036,2
5037,2
5038,1
5039,3
5040,2
5041,2
5042,2
5043,1
5044,3
5045,1
5046,2
5047,3
5048,2
5049,1
5050,3
5051,0
5052,3
5053,3
5054,0
5055,3
5056,3
5057,0
5058,0
5059,0
5060,0
5061,3
5062,3
5063,2
5064,3
5065,1
5066,2
5067,2
5068,0
5069,2
5070,1
5071,0
5072,0
5073,0
5074,0
5075,2
5076,0
5077,0
5078,3
5079,0
5080,3
5081,2
5082,3
5083,3
5084,0
5085,0
5086,0
5087,0
5088,3
5089,1
5090,0
5091,1
5092,1
5093,2
5094,1
5095,2
5096,0
5097,3
5098,0
5099,0
5100,3
5101,1
5102,1
5103,3
5104,2
5105,0
5106,3
5107,2
5108,2
5109,3
5110,0
5111,0
5112,1
5113,0
5114,0
5115,3
5116,1
5117,0
5118,0
5119,2
5120,1
5121,0
5122,0
5123,3
5124,0
5125,0
5126,0
5127,3
5128,0
5129,0
5130,0
5131,0
5132,0
5133,0
5134,3
5135,0
5136,3
5137,3
5138,0
5139,0
5140,2
5141,1
5142,2
5143,2
5144,0
5145,0
5146,0
5147,0
5148,3
5149,0
5150,1
5151,3
5152,2
5153,2
5154,1
5155,0
5156,0
5157,2
5158,2
5159,3
5160,3
5161,2
5162,2
5163,2
5164,0
5165,3
5166,2
5167,0
5168,0
5169,0
5170,1
5171,1
5172,0
5173,3
5174,0
5175,1
5176,0
5177,2
5178,0
5179,2
5180,0
5181,1
5182,3
5183,0
5184,3
5185,2
5186,2
5187,1
5188,0
5189,1
5190,3
5191,0
5192,1
5193,1
5194,2
5195,2
5196,0
5197,0
5198,0
5199,0
5200,3
5201,2
5202,0
5203,3
5204,3
5205,1
5206,0
5207,1
5208,1
5209,0
5210,1
5211,1
5212,0
5213,3
5214,1
5215,0
5216,0
5217,3
5218,2
5219,3
5220,3
5221,1
5222,2
5223,2
5224,1
5225,2
5226,3
5227,0
5228,0
5229,0
5230,0
5231,0
5232,3
5233,3
5234,1
5235,1
5236,1
5237,3
5238,0
5239,2
5240,0
5241,2
5242,3
5243,1
5244,2
5245,3
5246,2
5247,2
5248,2
5249,0
5250,1
5251,0
5252,1
5253,0
5254,0
5255,1
5256,3
5257,3
5258,1
5259,2
5260,2
5261,3
5262,1
5263,1
5264,1
5265,1
5266,1
5267,3
5268,0
5269,2
5270,1
5271,2
5272,3
5273,0
5274,1
5275,3
5276,3
5277,1
5278,1
5279,0
5280,1
5281,0
5282,0
5283,0
5284,3
5285,0
5286,0
5287,2
5288,0
5289,0
5290,0
5291,1
5292,0
5293,3
5294,3
5295,0
5296,0
5297,3
5298,3
5299,0
5300,3
5301,2
5302,0
5303,1
5304,3
5305,3
5306,1
5307,2
5308,1
5309,3
5310,0
5311,0
5312,0
5313,0
5314,0
5315,0
5316,2
5317,1
5318,0
5319,2
5320,3
5321,1
5322,3
5323,0
5324,0
5325,0
5326,2
5327,0
5328,2
5329,2
5330,3
5331,3
5332,0
5333,2
5334,0
5335,0
5336,2
5337,3
5338,0
5339,3
5340,0
5341,0
5342,0
5343,2
5344,2
5345,0
5346,0
5347,0
5348,2
5349,2
5350,0
5351,2
5352,0
5353,2
5354,0
5355,0
5356,2
5357,3
5358,0
5359,0
5360,1
5361,3
5362,2
5363,0
5364,1
5365,0
5366,1
5367,1
5368,0
5369,0
5370,1
5371,3
5372,2
5373,0
5374,1
5375,3
5376,2
5377,2
5378,0
5379,0
5380,3
5381,3
5382,0
5383,0
5384,0
5385,0
5386,3
5387,3
5388,0
5389,3
5390,0
5391,1
5392,0
5393,0
5394,0
5395,0
5396,0
5397,3
5398,2
5399,3
5400,3
5401,0
5402,3
5403,1
5404,0
5405,0
5406,0
5407,1
5408,1
5409,0
5410,0
5411,1
5412,3
5413,2
5414,3
5415,2
5416,0
5417,1
5418,0
5419,1
5420,2
5421,1
5422,2
5423,2
5424,0
5425,0
5426,2
5427,0
5428,1
5429,0
5430,1
5431,1
5432,2
5433,0
5434,0
5435,0
5436,1
5437,0
5438,0
5439,3
5440,0
5441,1
5442,0
5443,2
5444,0
5445,0
5446,2
5447,3
5448,3
5449,3
5450,2
5451,0
5452,0
5453,1
5454,3
5455,3
5456,0
5457,0
5458,0
5459,2
5460,1
5461,3
5462,3
5463,0
5464,3
5465,1
5466,2
5467,3
5468,0
5469,2
5470,0
5471,2
5472,2
5473,0
5474,1
5475,1
5476,0
5477,0
5478,2
5479,0
5480,0
5481,0
5482,3
5483,1
5484,3
5485,0
5486,0
5487,2
5488,0
5489,3
5490,3
5491,0
5492,0
5493,2
5494,1
5495,0
5496,3
5497,2
5498,3
5499,1
5500,3
5501,0
5502,2
5503,0
5504,2
5505,0
5506,3
5507,2
5508,0
5509,3
5510,2
5511,0
5512,1
5513,1
5514,3
5515,3
5516,0
5517,2
5518,2
5519,0
5520,2
5521,0
5522,1
5523,1
5524,0
5525,0
5526,0
5527,0
5528,1
5529,1
5530,0
5531,3
5532,0
5533,0
5534,3
5535,3
5536,0
5537,2
5538,0
5539,0
5540,0
5541,3
5542,0
5543,3
5544,0
5545,3
5546,1
5547,3
5548,3
5549,3
5550,3
5551,2
5552,0
5553,0
5554,2
5555,0
5556,3
5557,3
5558,1
5559,0
5560,3
5561,0
5562,3
5563,1
5564,2
5565,2
5566,3
5567,3
5568,2
5569,3
5570,2
5571,0
5572,0
5573,1
5574,3
5575,2
5576,0
5577,1
5578,3
5579,0
5580,2
5581,2
5582,0
5583,0
5584,3
5585,0
5586,2
5587,2
5588,2
5589,0
5590,0
5591,0
5592,0
5593,1
5594,1
5595,3
5596,0
5597,2
5598,1
5599,1
5600,0
5601,3
5602,0
5603,3
5604,3
5605,2
5606,3
5607,2
5608,2
5609,0
5610,3
5611,1
5612,2
5613,0
5614,1
5615,2
5616,2
5617,3
5618,3
5619,2
5620,0
5621,3
5622,2
5623,1
5624,3
5625,1
5626,3
5627,0
5628,2
5629,0
5630,0
5631,2
5632,0
5633,0
5634,1
5635,1
5636,0
5637,1
5638,2
5639,2
5640,0
5641,0
5642,0
5643,3
5644,1
5645,2
5646,0
5647,1
5648,2
5649,1
5650,1
5651,3
5652,1
5653,1
5654,3
5655,1
5656,3
5657,0
5658,1
5659,0
5660,2
5661,3
5662,2
5663,0
5664,2
5665,0
5666,0
5667,0
5668,0
5669,1
5670,3
5671,1
5672,1
5673,0
5674,2
5675,1
5676,1
5677,3
5678,2
5679,1
5680,2
5681,3
5682,2
5683,0
5684,0
5685,0
5686,3
5687,2
5688,2
5689,0
5690,3
5691,3
5692,3
5693,2
5694,3
5695,2
5696,1
5697,0
5698,3
5699,1
5700,2
5701,2
5702,3
5703,3
5704,0
5705,0
5706,3
5707,0
5708,1
5709,0
5710,2
5711,2
5712,1
5713,1
5714,0
5715,2
5716,3
5717,3
5718,2
5719,1
5720,3
5721,2
5722,3
5723,2
5724,2
5725,0
5726,3
5727,3
5728,0
5729,1
5730,2
5731,3
5732,0
5733,3
5734,0
5735,0
5736,0
5737,0
5738,2
5739,2
5740,1
5741,1
5742,1
5743,0
5744,0
5745,1
5746,2
5747,1
5748,0
5749,0
5750,2
5751,0
5752,2
5753,0
5754,3
5755,3
5756,3
5757,1
5758,3
5759,3
5760,0
5761,3
5762,0
5763,0
5764,0
5765,1
5766,0
5767,1
5768,3
5769,2
5770,0
5771,0
5772,0
5773,3
5774,0
5775,0
5776,3
5777,0
5778,0
5779,2
5780,3
5781,2
5782,3
5783,0
5784,0
5785,2
5786,1
5787,0
5788,0
5789,0
5790,0
5791,0
5792,0
5793,2
5794,1
5795,2
5796,3
5797,3
5798,0
5799,3
5800,0
5801,3
5802,2
5803,0
5804,1
5805,3
5806,2
5807,2
5808,0
5809,3
5810,0
5811,3
5812,0
5813,0
5814,1
5815,1
5816,1
5817,0
5818,3
5819,0
5820,0
5821,3
5822,2
5823,1
5824,0
5825,3
5826,2
5827,0
5828,0
5829,0
5830,1
5831,0
5832,0
5833,1
5834,1
5835,3
5836,0
5837,0
5838,0
5839,2
5840,0
5841,0
5842,3
5843,0
5844,0
5845,3
5846,1
5847,3
5848,2
5849,1
5850,0
5851,3
5852,1
5853,3
5854,3
5855,1
5856,1
5857,0
5858,2
5859,3
5860,1
5861,2
5862,0
5863,0
5864,0
5865,3
5866,0
5867,3
5868,2
5869,3
5870,2
5871,0
5872,2
5873,0
5874,2
5875,1
5876,1
5877,1
5878,0
5879,0
5880,2
5881,0
5882,0
5883,2
5884,0
5885,0
5886,1
5887,2
5888,1
5889,2
5890,0
5891,0
5892,3
5893,1
5894,3
5895,1
5896,1
5897,0
5898,3
5899,0
5900,0
5901,3
5902,3
5903,1
5904,1
5905,0
5906,0
5907,0
5908,0
5909,3
5910,0
5911,1
5912,2
5913,0
5914,3
5915,3
5916,3
5917,3
5918,1
5919,0
5920,3
5921,1
5922,0
5923,2
5924,1
5925,3
5926,2
5927,1
5928,0
5929,3
5930,0
5931,0
5932,1
5933,2
5934,0
5935,0
5936,2
5937,1
5938,0
5939,2
5940,0
5941,0
5942,2
5943,1
5944,0
5945,1
5946,0
5947,3
5948,0
5949,1
5950,1
5951,3
5952,0
5953,3
5954,1
5955,0
5956,0
5957,0
5958,1
5959,3
5960,3
5961,0
5962,0
5963,3
5964,0
5965,3
5966,1
5967,0
5968,1
5969,2
5970,1
5971,2
5972,3
5973,1
5974,0
5975,1
5976,2
5977,0
5978,0
5979,2
5980,0
5981,3
5982,0
5983,0
5984,2
5985,2
5986,2
5987,0
5988,0
5989,2
5990,3
5991,0
5992,1
5993,0
5994,0
5995,1
5996,0
5997,2
5998,0
5999,3
